{
    "accuracy": [
        0.6349782347679138,
        0.6931694746017456,
        0.7593886256217957,
        0.8485123515129089,
        0.8960903286933899,
        0.9154571890830994,
        0.929018497467041,
        0.93378084897995,
        0.9375,
        0.9381349682807922,
        0.9425798058509827
    ],
    "auc": [
        0.6764041185379028,
        0.7569977641105652,
        0.8399951457977295,
        0.9255237579345703,
        0.956396222114563,
        0.9679437875747681,
        0.9737122058868408,
        0.976518988609314,
        0.979023814201355,
        0.9792683720588684,
        0.9804572463035583
    ],
    "loss": [
        0.6670740246772766,
        0.5874778032302856,
        0.4944469630718231,
        0.3491210639476776,
        0.2654072940349579,
        0.22512757778167725,
        0.20267297327518463,
        0.19218090176582336,
        0.17926910519599915,
        0.17763948440551758,
        0.17238709330558777
    ],
    "precision": [
        0.6304576396942139,
        0.6961768865585327,
        0.7639132738113403,
        0.8475664854049683,
        0.8846120238304138,
        0.9014726281166077,
        0.9128764867782593,
        0.9169136881828308,
        0.9212226867675781,
        0.9234613180160522,
        0.9280575513839722
    ],
    "recall": [
        0.6523040533065796,
        0.6855043768882751,
        0.7508164048194885,
        0.8498730063438416,
        0.9110123515129089,
        0.9328737258911133,
        0.948566734790802,
        0.9540094137191772,
        0.9568215012550354,
        0.955460786819458,
        0.9595428109169006
    ],
    "val_accuracy": [
        0.5009074211120605,
        0.5869328379631042,
        0.6168783903121948,
        0.8482758402824402,
        0.8999999761581421,
        0.8867513537406921,
        0.9032667875289917,
        0.9333938360214233,
        0.9192377328872681,
        0.9039927124977112,
        0.9299455285072327
    ],
    "val_auc": [
        0.8088425397872925,
        0.8643903732299805,
        0.8933958411216736,
        0.9560363292694092,
        0.9734395742416382,
        0.9688605666160583,
        0.973124086856842,
        0.9806233644485474,
        0.9759761095046997,
        0.9686865210533142,
        0.9808619022369385
    ],
    "val_loss": [
        1.411824107170105,
        0.7831927537918091,
        1.257091999053955,
        0.46572890877723694,
        0.30925142765045166,
        0.38573363423347473,
        0.33474987745285034,
        0.2090786248445511,
        0.29440248012542725,
        0.3670981526374817,
        0.2353847771883011
    ],
    "val_precision": [
        0.5004541277885437,
        0.549575686454773,
        0.5671113133430481,
        0.7868460416793823,
        0.8469773530960083,
        0.8210304379463196,
        0.8450310826301575,
        0.906952977180481,
        0.8716216087341309,
        0.8454376459121704,
        0.8936523795127869
    ],
    "val_recall": [
        1.0,
        0.963702380657196,
        0.9876587986946106,
        0.9553539156913757,
        0.9764065146446228,
        0.9891107082366943,
        0.9876587986946106,
        0.9658802151679993,
        0.9833030700683594,
        0.9887477159500122,
        0.9760435819625854
    ],
    "learning_rate": [
        9.999999747378752e-05,
        9.999999747378752e-05,
        9.999999747378752e-05,
        9.999999747378752e-05,
        9.999999747378752e-05,
        9.999999747378752e-05,
        9.999999747378752e-05,
        4.999999873689376e-05,
        4.999999873689376e-05,
        4.999999873689376e-05,
        2.499999936844688e-05
    ]
}