{
    "accuracy": [
        0.6411919593811035,
        0.6975235939025879,
        0.7587536573410034,
        0.8250635266304016,
        0.882982611656189,
        0.9074292182922363,
        0.9201288223266602,
        0.9306513071060181,
        0.9384071230888367,
        0.9398131370544434,
        0.9451197385787964,
        0.9468886256217957,
        0.9476596713066101,
        0.9493831396102905,
        0.9500635266304016,
        0.9503356218338013,
        0.9515602588653564,
        0.9527394771575928,
        0.9542815685272217
    ],
    "auc": [
        0.6865034103393555,
        0.7668465375900269,
        0.8365415334701538,
        0.906796395778656,
        0.9482884407043457,
        0.9644386768341064,
        0.9722452759742737,
        0.9764747023582458,
        0.9801918268203735,
        0.979828953742981,
        0.9829733371734619,
        0.9846963286399841,
        0.9846848249435425,
        0.9852002859115601,
        0.9852419495582581,
        0.9861343502998352,
        0.9864153861999512,
        0.986832320690155,
        0.9875396490097046
    ],
    "loss": [
        0.6669744253158569,
        0.5794882774353027,
        0.5002310276031494,
        0.3871079087257385,
        0.2903697192668915,
        0.23938271403312683,
        0.20992089807987213,
        0.19280587136745453,
        0.17508944869041443,
        0.17494019865989685,
        0.1586603820323944,
        0.15157096087932587,
        0.15078701078891754,
        0.14767837524414062,
        0.14642024040222168,
        0.14352716505527496,
        0.14029769599437714,
        0.1386432945728302,
        0.1331651210784912
    ],
    "precision": [
        0.6358557939529419,
        0.6993135213851929,
        0.7609073519706726,
        0.8210733532905579,
        0.8719823956489563,
        0.8939566612243652,
        0.9038981199264526,
        0.9150275588035583,
        0.921066403388977,
        0.9245250225067139,
        0.929158627986908,
        0.9309771656990051,
        0.9326670169830322,
        0.9336484670639038,
        0.9340389966964722,
        0.9348340034484863,
        0.939674973487854,
        0.9395033717155457,
        0.9400702714920044
    ],
    "recall": [
        0.6608309149742126,
        0.6930333971977234,
        0.7546262741088867,
        0.8312771916389465,
        0.897768497467041,
        0.9245283007621765,
        0.9402213096618652,
        0.9494738578796387,
        0.9589985609054565,
        0.9578192830085754,
        0.9637155532836914,
        0.9653483033180237,
        0.9649854898452759,
        0.9675254225730896,
        0.9685232043266296,
        0.9681603908538818,
        0.965076208114624,
        0.9677975177764893,
        0.9704281687736511
    ],
    "val_accuracy": [
        0.6088929176330566,
        0.6560798287391663,
        0.5754991173744202,
        0.8638838529586792,
        0.8878402709960938,
        0.9159709811210632,
        0.8992740511894226,
        0.9323049187660217,
        0.9034482836723328,
        0.92704176902771,
        0.9375680685043335,
        0.9361161589622498,
        0.9399273991584778,
        0.9426497220993042,
        0.942105233669281,
        0.9431942105293274,
        0.9441016316413879,
        0.9455535411834717,
        0.944283127784729
    ],
    "val_auc": [
        0.7813441753387451,
        0.7908857464790344,
        0.8705639243125916,
        0.9556113481521606,
        0.9603273868560791,
        0.9641872048377991,
        0.9619293212890625,
        0.9714804887771606,
        0.9527163505554199,
        0.9751612544059753,
        0.9781861305236816,
        0.9804010391235352,
        0.9809309244155884,
        0.9762598872184753,
        0.983893096446991,
        0.9848147034645081,
        0.9803071022033691,
        0.9827918410301208,
        0.9837925434112549
    ],
    "val_loss": [
        0.6412922739982605,
        0.604944109916687,
        1.1611312627792358,
        0.3227517604827881,
        0.30686303973197937,
        0.23225606977939606,
        0.3297019302845001,
        0.20919428765773773,
        0.30098021030426025,
        0.23130545020103455,
        0.19004608690738678,
        0.20040662586688995,
        0.18647414445877075,
        0.18969731032848358,
        0.17252404987812042,
        0.16668276488780975,
        0.17623837292194366,
        0.1691216230392456,
        0.16881811618804932
    ],
    "val_precision": [
        0.5646830797195435,
        0.6053405404090881,
        0.5410418510437012,
        0.8066686987876892,
        0.8270584344863892,
        0.8987473845481873,
        0.8405572772026062,
        0.910973072052002,
        0.9306470155715942,
        0.9478492736816406,
        0.9141188859939575,
        0.9055011868476868,
        0.941690981388092,
        0.9344496130943298,
        0.9220374226570129,
        0.93482905626297,
        0.9267526865005493,
        0.9376114010810852,
        0.9343506097793579
    ],
    "val_recall": [
        0.9506351947784424,
        0.8969147205352783,
        0.9952812790870667,
        0.9571687579154968,
        0.980762243270874,
        0.9375680685043335,
        0.9854809641838074,
        0.9582577347755432,
        0.8718693256378174,
        0.9038112759590149,
        0.9658802151679993,
        0.9738656878471375,
        0.9379310607910156,
        0.9520871043205261,
        0.9658802151679993,
        0.9528130888938904,
        0.9644283056259155,
        0.9546279311180115,
        0.9557169079780579
    ],
    "learning_rate": [
        9.999999747378752e-05,
        9.999999747378752e-05,
        9.999999747378752e-05,
        9.999999747378752e-05,
        9.999999747378752e-05,
        9.999999747378752e-05,
        9.999999747378752e-05,
        9.999999747378752e-05,
        9.999999747378752e-05,
        9.999999747378752e-05,
        4.999999873689376e-05,
        4.999999873689376e-05,
        4.999999873689376e-05,
        4.999999873689376e-05,
        4.999999873689376e-05,
        4.999999873689376e-05,
        4.999999873689376e-05,
        4.999999873689376e-05,
        2.499999936844688e-05
    ]
}