{
    "accuracy": [
        0.6219611763954163,
        0.8106857538223267,
        0.9174074530601501,
        0.9338715672492981,
        0.935867190361023,
        0.9420809149742126,
        0.9431694746017456,
        0.9439858198165894,
        0.9472060799598694,
        0.949201762676239,
        0.9485214352607727,
        0.9510159492492676,
        0.9526487588882446,
        0.9527848362922668,
        0.9541908502578735,
        0.9542362093925476,
        0.954463005065918,
        0.954508364200592,
        0.9559597373008728,
        0.9563679099082947
    ],
    "auc": [
        0.6587545275688171,
        0.8870654702186584,
        0.9589810967445374,
        0.9681286811828613,
        0.9704720377922058,
        0.9742249846458435,
        0.9748938679695129,
        0.9764612913131714,
        0.9772159457206726,
        0.9778406620025635,
        0.9778735041618347,
        0.9812074303627014,
        0.9817811250686646,
        0.9829841256141663,
        0.9824766516685486,
        0.9844713807106018,
        0.9839785099029541,
        0.9842144846916199,
        0.9850258231163025,
        0.984550416469574
    ],
    "loss": [
        0.6872032880783081,
        0.43074876070022583,
        0.2530219852924347,
        0.2183033525943756,
        0.20926517248153687,
        0.1925756186246872,
        0.1890626698732376,
        0.181542307138443,
        0.17794783413410187,
        0.1737983226776123,
        0.17323356866836548,
        0.1586352288722992,
        0.15630730986595154,
        0.15193770825862885,
        0.1529645025730133,
        0.14583370089530945,
        0.14794453978538513,
        0.14569585025310516,
        0.14093266427516937,
        0.14213722944259644
    ],
    "precision": [
        0.622841477394104,
        0.7965368032455444,
        0.8926529288291931,
        0.9116178750991821,
        0.9142955541610718,
        0.9233040809631348,
        0.9233168959617615,
        0.9243173003196716,
        0.928472101688385,
        0.9303841590881348,
        0.9293964505195618,
        0.9346913695335388,
        0.9351997375488281,
        0.9359769225120544,
        0.9386718273162842,
        0.9400650262832642,
        0.9397823214530945,
        0.9382489323616028,
        0.9414244294166565,
        0.9426359534263611
    ],
    "recall": [
        0.6183781027793884,
        0.8345428109169006,
        0.9489296078681946,
        0.9609034657478333,
        0.9619013071060181,
        0.9642598032951355,
        0.9666182994842529,
        0.967162549495697,
        0.9690675139427185,
        0.9710631370544434,
        0.9707909822463989,
        0.9697932004928589,
        0.9726959466934204,
        0.9720609784126282,
        0.9718795418739319,
        0.970337450504303,
        0.9711538553237915,
        0.9730587601661682,
        0.972423791885376,
        0.9718795418739319
    ],
    "val_accuracy": [
        0.5221415758132935,
        0.8382940292358398,
        0.8858439326286316,
        0.9014518857002258,
        0.9185118079185486,
        0.9139745831489563,
        0.9332123398780823,
        0.934664249420166,
        0.9166969060897827,
        0.9397459030151367,
        0.9444646239280701,
        0.9352087378501892,
        0.9426497220993042,
        0.9424682259559631,
        0.9393829107284546,
        0.944283127784729,
        0.9457350373268127,
        0.9451905488967896,
        0.9424682259559631,
        0.9460980296134949
    ],
    "val_auc": [
        0.8015074729919434,
        0.9620636701583862,
        0.958568811416626,
        0.959613561630249,
        0.9756379723548889,
        0.9788044095039368,
        0.9810051321983337,
        0.9807578325271606,
        0.9707865715026855,
        0.982367992401123,
        0.9839613437652588,
        0.9842883944511414,
        0.9845314025878906,
        0.981887936592102,
        0.980603814125061,
        0.9847628474235535,
        0.9859113097190857,
        0.9834571480751038,
        0.9811465740203857,
        0.9853325486183167
    ],
    "val_loss": [
        0.7717636823654175,
        0.5279566049575806,
        0.461141973733902,
        0.42183712124824524,
        0.3017735481262207,
        0.2932097911834717,
        0.24429470300674438,
        0.2281074821949005,
        0.3071592450141907,
        0.19972629845142365,
        0.20157958567142487,
        0.21300522983074188,
        0.1905152052640915,
        0.20259375870227814,
        0.21989963948726654,
        0.18880759179592133,
        0.17909970879554749,
        0.18038783967494965,
        0.2094988375902176,
        0.17035765945911407
    ],
    "val_precision": [
        0.511414647102356,
        0.758314847946167,
        0.8192192316055298,
        0.8441194891929626,
        0.8679004311561584,
        0.861719012260437,
        0.8914397954940796,
        0.8974444270133972,
        0.8677130341529846,
        0.9061347842216492,
        0.9177755117416382,
        0.8978102207183838,
        0.9140917062759399,
        0.9135006666183472,
        0.9047141671180725,
        0.91576087474823,
        0.9185412526130676,
        0.9181725382804871,
        0.9137814044952393,
        0.9235010147094727
    ],
    "val_recall": [
        0.9920145273208618,
        0.9931034445762634,
        0.990199625492096,
        0.9847549796104431,
        0.9872958064079285,
        0.9862068891525269,
        0.986569881439209,
        0.9814882278442383,
        0.9833030700683594,
        0.9811252355575562,
        0.9764065146446228,
        0.9822141528129578,
        0.9771324992179871,
        0.9774954915046692,
        0.9822141528129578,
        0.9785844087600708,
        0.9782214164733887,
        0.9774954915046692,
        0.9771324992179871,
        0.9727767705917358
    ],
    "learning_rate": [
        0.0005000000237487257,
        0.0005000000237487257,
        0.0005000000237487257,
        0.0005000000237487257,
        0.0005000000237487257,
        0.0005000000237487257,
        0.0005000000237487257,
        0.0005000000237487257,
        0.0005000000237487257,
        0.0005000000237487257,
        0.0005000000237487257,
        0.0005000000237487257,
        0.0002500000118743628,
        0.0002500000118743628,
        0.0002500000118743628,
        0.0001250000059371814,
        0.0001250000059371814,
        0.0001250000059371814,
        0.0001250000059371814,
        6.25000029685907e-05
    ]
}