{
    "accuracy": 0.856442831215971,
    "precision": 0.8228139381985535,
    "recall": 0.908529945553539,
    "f1_score": 0.8635501121269622,
    "paper_accuracy": 0.97,
    "confusion_matrix": [
        [
            2216,
            539
        ],
        [
            252,
            2503
        ]
    ],
    "total_samples": 5510,
    "epochs_trained": 7
}