{
    "accuracy": [
        0.6225507855415344,
        0.6754807829856873,
        0.7119920253753662,
        0.7714532017707825,
        0.835268497467041,
        0.8836629390716553,
        0.9060685634613037
    ],
    "auc": [
        0.6628339886665344,
        0.739920973777771,
        0.7829241752624512,
        0.8535674810409546,
        0.9166133999824524,
        0.9516467452049255,
        0.9642541408538818
    ],
    "loss": [
        0.6796112060546875,
        0.6028680205345154,
        0.5638208389282227,
        0.47579872608184814,
        0.3679956793785095,
        0.28233906626701355,
        0.2429053783416748
    ],
    "precision": [
        0.619240939617157,
        0.6769413948059082,
        0.7172740697860718,
        0.7779842019081116,
        0.8408336639404297,
        0.8813452124595642,
        0.8972402215003967
    ],
    "recall": [
        0.6364296078681946,
        0.6713533997535706,
        0.6998367309570312,
        0.7597060799598694,
        0.8271045088768005,
        0.886701762676239,
        0.9171807169914246
    ],
    "val_accuracy": [
        0.5049001574516296,
        0.7446460723876953,
        0.6647912859916687,
        0.8564428091049194,
        0.7522686123847961,
        0.7509981989860535,
        0.8087114095687866
    ],
    "val_auc": [
        0.7306126356124878,
        0.8159346580505371,
        0.8525581359863281,
        0.9406507611274719,
        0.9409828186035156,
        0.9227102994918823,
        0.9508499503135681
    ],
    "val_loss": [
        0.9319466948509216,
        0.5506616830825806,
        0.6239191889762878,
        0.3424806296825409,
        0.7039265036582947,
        0.913140594959259,
        0.6335630416870117
    ],
    "val_precision": [
        0.502472996711731,
        0.7139682769775391,
        0.604560136795044,
        0.8228139281272888,
        0.6698436141014099,
        0.6686174273490906,
        0.7251787185668945
    ],
    "val_recall": [
        0.9956442713737488,
        0.8163339495658875,
        0.9528130888938904,
        0.9085299372673035,
        0.9949183464050293,
        0.9952812790870667,
        0.994192361831665
    ],
    "learning_rate": [
        9.999999747378752e-05,
        9.999999747378752e-05,
        9.999999747378752e-05,
        9.999999747378752e-05,
        9.999999747378752e-05,
        9.999999747378752e-05,
        4.999999873689376e-05
    ]
}